Date,daily_sentiment
2019-01-02,-0.1542759841041905
2019-01-03,0.0298416242003441
2019-01-04,-0.3402862299233675
2019-01-07,0.0051182545721531
2019-01-08,0.2274693109095096
2019-01-09,-0.2350155055522918
2019-01-10,0.0602868106216192
2019-01-11,0.4158923399324218
2019-01-14,-0.1408324143849313
2019-01-15,-0.9388886094093324
2019-01-16,0.2710403129458427
2019-01-17,-0.1312774512916803
2019-01-18,0.0134857645524399
2019-01-22,-0.1380009441636503
2019-01-23,0.0681642740964889
2019-01-24,-0.4412014683087666
2019-01-25,0.0148596285531917
2019-01-28,-0.0934250308200717
2019-01-29,0.1235352782532571
2019-01-30,0.1124300765804946
2019-01-31,0.2853709332644939
2019-02-01,-0.2083912764986355
2019-02-04,-0.1802574843168259
2019-02-05,0.1620307223250468
2019-02-06,0.002597652375698
2019-02-07,0.6778126358985901
2019-02-08,-0.1954829742511113
2019-02-11,0.5715061028798422
2019-02-12,-0.064829933270812
2019-02-13,0.0184707875762667
2019-02-14,-0.0069729300836722
2019-02-15,-0.7383050322532654
2019-02-19,-0.1951280521849791
2019-02-20,0.316952933371067
2019-02-21,0.0497735776007175
2019-02-22,0.2369276732206344
2019-02-25,-0.1714177623391151
2019-02-26,0.1436606999486684
2019-02-27,-0.058363464474678
2019-02-28,0.3940328657627105
2019-03-01,0.2725260861217976
2019-03-04,-0.7097198367118835
2019-03-05,-0.2254776708781719
2019-03-06,-0.9628493189811708
2019-03-07,0.1594892889261245
2019-03-08,0.1643261890858412
2019-03-11,0.1104697920382022
2019-03-12,0.8752722144126892
2019-03-13,-0.2737584915012121
2019-03-14,0.1840870703260104
2019-03-15,-0.1606695694582803
2019-03-18,-0.2208622175579269
2019-03-19,-0.916992962360382
2019-03-21,0.4133356548845768
2019-03-22,-0.9344077706336976
2019-03-25,0.1338893480598926
2019-03-26,0.3937288820743561
2019-03-27,0.0625809654593467
2019-03-28,-0.2816994711756706
2019-03-29,0.1284375503659248
2019-04-01,0.1698097363114357
2019-04-02,0.2123930032054583
2019-04-03,0.0930890794843435
2019-04-04,-0.0115355184922615
2019-04-05,0.3979897499084472
2019-04-08,0.0315515145659446
2019-04-09,0.2795292334631085
2019-04-10,0.9070570468902588
2019-04-11,-0.2051342725753784
2019-04-12,0.0325483524550994
2019-04-15,-0.8990505635738373
2019-04-16,-0.5040429830551147
2019-04-17,0.5465303733944893
2019-04-18,0.3431293964385986
2019-04-22,0.3249911069869995
2019-04-23,0.3213006019592285
2019-04-24,0.0344960559159517
2019-04-25,-0.3881546622142195
2019-04-26,0.0568521705766517
2019-04-29,0.0815494144335389
2019-04-30,0.0345491617918014
2019-05-01,-0.5976881658037504
2019-05-02,0.0438081137835979
2019-05-03,-0.2813260753949483
2019-05-06,0.4058448290452361
2019-05-07,-0.0174846366047859
2019-05-08,-0.1879022356122732
2019-05-09,0.034295084575812
2019-05-10,-0.1858946494758129
2019-05-13,0.026944354797403
2019-05-14,0.0050898067653178
2019-05-15,-0.0688607264310121
2019-05-16,-0.4120734582344691
2019-05-17,-0.0698354113847016
2019-05-20,-0.1220880836248397
2019-05-21,-0.2394891083240509
2019-05-22,-0.0475715085243185
2019-05-23,-0.4959429291387398
2019-05-24,0.3936074078083038
2019-05-28,-0.3532589313884576
2019-05-29,0.3216304456194241
2019-05-30,-0.5808022307852904
2019-05-31,-0.948627233505249
2019-06-03,-0.3967785844579339
2019-06-04,0.0762397795915603
2019-06-05,0.2093092850409448
2019-06-06,-0.0580279938876628
2019-06-07,0.120545969903469
2019-06-10,0.2914065219461917
2019-06-11,0.2058807678520679
2019-06-12,0.166696548461914
2019-06-13,-0.1500585161149502
2019-06-17,0.0273852348327637
2019-06-18,-0.0326762050390243
2019-06-19,-0.1844621530423561
2019-06-20,0.3366178597013156
2019-06-21,0.016397971039017
2019-06-24,0.1982884407043457
2019-06-25,-0.1983445774530992
2019-06-26,-0.231474932283163
2019-06-27,-0.9531744718551636
2019-06-28,0.0506139928475022
2019-07-01,-0.0188892030467589
2019-07-02,0.9011216759681702
2019-07-03,-0.0176674276590347
2019-07-05,-0.0323445498943328
2019-07-08,0.0081516044835249
2019-07-10,-0.2427643667906522
2019-07-11,0.2794900834560394
2019-07-12,-0.179854080080986
2019-07-15,0.2588082378109296
2019-07-16,0.02370385825634
2019-07-17,0.008959331549704
2019-07-18,-0.2756812572479248
2019-07-19,-0.5092829510569572
2019-07-22,0.15100715495646
2019-07-23,0.4238510578870773
2019-07-24,-0.3249028511345386
2019-07-25,0.2565847035497426
2019-07-26,0.2845263599107662
2019-07-29,-0.0106492713093757
2019-07-30,-0.1447284914553165
2019-07-31,-0.036392118781805
2019-08-01,-0.3632241785526275
2019-08-02,-0.6229100779940685
2019-08-05,-0.4835024867206812
2019-08-06,0.1495334953069687
2019-08-07,-0.3844256518142564
2019-08-08,-0.4015065617859363
2019-08-09,-0.2314406875520945
2019-08-12,0.0205856123939156
2019-08-13,-0.2923185036828121
2019-08-14,-0.3156870985403657
2019-08-15,-0.1388863225777943
2019-08-16,-0.1733871549367904
2019-08-19,0.503184566895167
2019-08-20,-0.1735865943133831
2019-08-21,0.1720438906922936
2019-08-22,-0.2179918798307578
2019-08-23,7.562587658563324e-05
2019-08-26,-0.1754777883179485
2019-08-27,0.0081855589523911
2019-08-28,0.3035742556676268
2019-08-29,0.3194844101866086
2019-08-30,-0.1810784600675106
2019-09-03,-0.1314364038407802
2019-09-04,-0.2077184040099382
2019-09-05,-0.4554417394101619
2019-09-06,0.2039994485676288
2019-09-09,0.315412750095129
2019-09-10,0.0703222844749689
2019-09-11,-0.0480114705860615
2019-09-12,-0.199756438533465
2019-09-13,0.3384651467204094
2019-09-16,0.0772741089264552
2019-09-17,0.0849560648202896
2019-09-18,-0.3105043241133292
2019-09-19,-0.2868442193915446
2019-09-20,-0.2378197144716977
2019-09-23,0.1549262221902608
2019-09-24,-0.1252127594004074
2019-09-25,-0.064659372717142
2019-09-26,-0.0229656329999367
2019-09-27,0.0094974488019943
2019-09-30,-0.068750949949026
2019-10-01,0.0383894021312395
2019-10-02,-0.4112829960882663
2019-10-03,-0.3722660342852275
2019-10-04,-0.4016973879188299
2019-10-07,-0.3068432317425807
2019-10-08,0.0365329341342051
2019-10-09,0.2709577567875386
2019-10-10,0.3098867982625961
2019-10-11,-0.0277137383818626
2019-10-14,-0.2080389745533466
2019-10-15,0.0724452516684929
2019-10-16,0.028199695671598
2019-10-17,0.0657897430161634
2019-10-18,0.5881188462177912
2019-10-21,-0.067128026485443
2019-10-23,0.0242124674841762
2019-10-24,-0.0062481351196766
2019-10-25,0.0121727579583724
2019-10-28,0.1077574878517124
2019-10-29,0.096049445370833
2019-10-30,0.5606026992201805
2019-10-31,-0.3757199173172315
2019-11-01,0.2365119846330748
2019-11-04,-0.0691139139235019
2019-11-05,0.1527012232691049
2019-11-06,-0.1031405978525678
2019-11-07,0.3071987507864833
2019-11-08,0.2342014849185944
2019-11-11,-0.1504588574171066
2019-11-12,-0.4161802069284022
2019-11-13,-0.1861020876094699
2019-11-14,0.1038519466916719
2019-11-15,0.4234158685430884
2019-11-18,0.2192847318947315
2019-11-19,-0.3544642031192779
2019-11-20,-0.1431488953530788
2019-11-21,-0.4702963111922145
2019-11-22,-0.93293035030365
2019-11-25,0.4534325823187828
2019-11-26,0.1673465128988027
2019-11-27,0.2738192236671845
2019-11-29,-0.1268735229969024
2019-12-02,-0.0410786446716104
2019-12-03,-0.0421216264367103
2019-12-04,-0.433797982831796
2019-12-05,0.0102836131118237
2019-12-06,0.0010492634028196
2019-12-09,-0.1754437582567334
2019-12-10,0.0834453315474092
2019-12-11,-0.0362866353243588
2019-12-12,-0.2023050654679537
2019-12-13,-0.0481829550117254
2019-12-16,-0.1633466730515162
2019-12-17,0.2991149015724659
2019-12-18,0.0259884917842489
2019-12-19,0.20694200694561
2019-12-20,0.0367420767433941
2019-12-23,0.2479424708607522
2019-12-24,0.4292469806969166
2019-12-26,0.3463060062910829
2019-12-27,0.2802542845408122
2019-12-30,0.2117044124752283
2019-12-31,0.1783849125994103
2020-01-02,-0.1028886601328849
2020-01-03,0.1598969695882665
2020-01-06,0.0929907564073801
2020-01-07,0.1716413665562868
2020-01-08,0.029371352866292
2020-01-09,-0.2009417765906878
2020-01-10,0.2282440500954786
2020-01-13,-0.0303740845993161
2020-01-14,0.1372641937008925
2020-01-15,0.0242413197244916
2020-01-16,0.3239030158147216
2020-01-17,0.2147523567080497
2020-01-21,-0.0676532667130231
2020-01-22,0.2683757419387499
2020-01-23,-0.0012932457029819
2020-01-24,-0.0253925621509552
2020-01-27,-0.4668237771838903
2020-01-28,-0.1520703785742322
2020-01-29,0.442954733967781
2020-01-30,0.3177544275919596
2020-01-31,0.1279323697090149
2020-02-03,0.2069396770426205
2020-02-04,-0.300873984893163
2020-02-05,-0.082250545732677
2020-02-06,-0.1840338570376237
2020-02-07,0.0024322904646396
2020-02-10,-0.1902826114424637
2020-02-11,0.0026428618778785
2020-02-12,0.1513764314353466
2020-02-13,0.3069839738309384
2020-02-14,-0.0556261613965034
2020-02-18,0.1680381000041961
2020-02-19,-0.1151921001396008
2020-02-20,-0.4075381280854344
2020-02-21,-0.1731710322201251
2020-02-24,-0.4655746673899038
2020-02-25,-0.2110933649819344
2020-02-26,-0.058938336931169
2020-02-27,-0.5888061630813515
2020-02-28,-0.3702578751835972
2020-03-02,-0.1668943418189883
2020-03-03,0.0420031297951936
2020-03-04,-0.0841917507350445
2020-03-05,-0.1752283476293087
2020-03-06,-0.5146176062524319
2020-03-09,-0.4692819947376847
2020-03-10,-0.2919355817139148
2020-03-11,-0.2631240472197532
2020-03-12,-0.4515923997759819
2020-03-13,-0.083716248969237
2020-03-16,-0.6016640042886138
2020-03-17,-0.5016620622149536
2020-03-18,-0.3274444169364869
2020-03-19,-0.2490507983602583
2020-03-20,-0.3847324221084515
2020-03-23,-0.4090866663027555
2020-03-24,-0.1026118440553545
2020-03-25,-0.1298411269672215
2020-03-26,-0.2137025631964206
2020-03-27,-0.0542945551375548
2020-03-30,-0.1308624446392059
2020-03-31,-0.2904788721352815
2020-04-01,-0.3304170572331973
2020-04-02,0.1905442873636881
2020-04-03,-0.3696964114904403
2020-04-06,-0.1663458783179521
2020-04-07,0.3960087113082409
2020-04-08,0.1126948371529579
2020-04-09,0.1631617300212383
2020-04-13,-0.2301917215809226
2020-04-14,0.0140873497085911
2020-04-15,0.071677578613162
2020-04-16,-0.2482723407447337
2020-04-17,-0.5142757564783096
2020-04-20,0.0278874054551124
2020-04-21,-0.5400398435691992
2020-04-22,0.0161143243312835
2020-04-24,0.1031955033540725
2020-04-27,-0.2091930070891976
2020-04-28,0.3960854145698249
2020-04-29,0.6859143376350403
2020-04-30,-0.402237179223448
2020-05-01,-0.1469278316944837
2020-05-04,0.0597395122051239
2020-05-05,-0.0565197733896119
2020-05-06,0.338063981384039
2020-05-07,0.0276168095214026
2020-05-08,-0.063398549798876
2020-05-11,0.3003074139356613
2020-05-12,0.0025391057133674
2020-05-13,-0.0254076123237609
2020-05-14,-0.4272049151360989
2020-05-15,0.289179931084315
2020-05-18,0.1020245105028152
2020-05-19,-0.60718967517217
2020-05-20,0.1486135345573227
2020-05-21,0.1372896252820888
2020-05-22,-0.3172890723993382
2020-05-26,0.0415233080275356
2020-05-27,-0.0748871732503175
2020-05-28,0.0462325511500239
2020-05-29,0.2922701649367809
2020-06-01,0.1089615946901696
2020-06-02,-0.1947413467402969
2020-06-03,0.180437445640564
2020-06-04,0.1494767939050992
2020-06-05,0.4509686641395092
2020-06-08,-0.268104026094079
2020-06-09,-0.0085133276879787
2020-06-10,-0.1991524705663323
2020-06-11,0.0139940351247787
2020-06-12,-0.0533421691507101
2020-06-15,-0.3070899558564027
2020-06-16,0.0835420131683349
2020-06-17,-0.2881711398561795
2020-06-18,-0.0925237735112508
2020-06-19,0.0651054602737228
2020-06-22,0.3525576752920945
2020-06-24,-0.131800590083003
2020-06-25,0.0677787773311138
2020-06-26,-0.2211677762679756
2020-06-29,0.1636850893497467
2020-06-30,0.0693271884487734
2020-07-01,0.2764132788235491
2020-07-02,0.1961619148237837
2020-07-06,0.0146546863640347
2020-07-07,0.0230404622852802
2020-07-08,0.1297469250857829
2020-07-09,0.3666229099035262
2020-07-10,0.0044991299510002
2020-07-13,-0.3859520157178243
2020-07-14,-0.2851914235701163
2020-07-15,0.047123422846198
2020-07-16,0.0579802170395851
2020-07-20,0.2772831295927365
2020-07-21,0.1030477937310933
2020-07-22,-0.1623590632031361
2020-07-23,0.387688285857439
2020-07-24,-0.1225003693252801
2020-07-27,-0.0789571031928062
2020-07-28,0.0606675958260893
2020-07-29,-0.5226823395738999
2020-07-30,0.5077779144048691
2020-07-31,-0.2022119108587503
2020-08-03,0.4808136050899823
2020-08-04,0.3381998483091593
2020-08-05,-0.0037959069013595
2020-08-06,-0.0897198005446365
2020-08-07,-0.2034918069839477
2020-08-10,0.041664614342153
2020-08-11,0.2121554289478808
2020-08-12,0.4653636602063973
2020-08-13,-0.3651573061943054
2020-08-14,-0.4452488079667091
2020-08-17,0.1984776924364268
2020-08-18,-0.0132397895213216
2020-08-19,-0.0706044472754001
2020-08-20,0.0209397790687424
2020-08-21,0.1669080690480768
2020-08-24,0.072064571082592
2020-08-25,0.0047908777903232
2020-08-26,-0.1941071320325136
2020-08-27,0.1068392855425675
2020-08-28,0.337596958089206
2020-08-31,-0.0976972081698477
2020-09-01,0.174691521252195
2020-09-02,0.1592839453369379
2020-09-03,-0.4292592480778694
2020-09-04,-0.4576954618096351
2020-09-08,-0.3305980271349351
2020-09-09,-0.239932391171654
2020-09-10,-0.0639183695117632
2020-09-11,0.1544641405344009
2020-09-14,0.4733169347047806
2020-09-15,0.0466640898957848
2020-09-16,-0.0578707925354441
2020-09-17,0.2549967534840106
2020-09-18,-0.102229743823409
2020-09-21,-0.1961540281772613
2020-09-22,-0.71934841076533
2020-09-23,-0.2255177038975737
2020-09-24,0.3279837321490049
2020-09-25,0.0016648558278878
2020-09-28,0.442394127137959
2020-09-29,0.0242367711450372
2020-09-30,-0.0368350578937679
2020-10-01,-0.1380564042677481
2020-10-02,-0.0178461819887161
2020-10-05,0.3622551709413528
2020-10-06,-0.5715137794613838
2020-10-07,0.0521667320281266
2020-10-08,-0.0354112186469137
2020-10-09,0.8289691209793091
2020-10-12,-0.2495877388864755
2020-10-13,-0.0580436396412551
2020-10-14,-0.0618034551541011
2020-10-15,-0.0779246278107166
2020-10-16,-0.3051778860390186
2020-10-19,-0.0793337452535828
2020-10-20,0.1126765690743923
2020-10-21,0.075305783500274
2020-10-22,-0.0579541847109794
2020-10-23,-0.0442053619772196
2020-10-26,0.0060187292595704
2020-10-27,0.1282454738393425
2020-10-28,-0.6147353947162628
2020-10-29,-0.3055842846632003
2020-10-30,0.0004033669829368
2020-11-02,0.0438779873773455
2020-11-03,0.2858206398785114
2020-11-04,0.0748706378042698
2020-11-05,-0.4292329009622335
2020-11-06,0.355315520428121
2020-11-09,0.1802226519212126
2020-11-10,-0.0442145271226763
2020-11-11,0.3663906753063202
2020-11-12,-0.0021903244778514
2020-11-13,0.383416923880577
2020-11-16,0.2857376911084759
2020-11-17,0.1317972314677067
2020-11-18,-0.0860760733485222
2020-11-19,0.0523193664848804
2020-11-20,0.1136714595236948
2020-11-23,-0.0415082443505525
2020-11-24,0.3755936300238737
2020-11-25,0.0312919116113335
2020-11-27,0.5003362471858661
2020-11-30,-0.0254229248634406
2020-12-01,-0.0341995207385884
2020-12-02,0.0920456325014432
2020-12-03,-0.0031971633434295
2020-12-04,0.130390914157033
2020-12-07,0.4323132522404194
2020-12-08,0.006320983171463
2020-12-09,0.2229698933660983
2020-12-10,-0.1379348253831267
2020-12-11,0.3457218396166959
2020-12-14,-0.0456215236335992
2020-12-15,0.2812925241887569
2020-12-16,0.1374761052429675
2020-12-17,0.3770623027036587
2020-12-18,0.2401360222561792
2020-12-21,0.083760255947709
2020-12-22,-0.1877660269715956
2020-12-23,0.02301711961627
2020-12-24,0.0574169685132801
2020-12-28,-0.3787321504205465
2020-12-29,0.14634520560503
2020-12-30,0.3253586857269208
2021-01-04,-0.1363852944757257
2021-01-05,-0.1693207658827304
2021-01-06,-0.0450800023972987
2021-01-07,0.0707170364579984
2021-01-08,-0.0014935955405235
2021-01-11,0.1843052270511786
2021-01-12,-0.4107857905328274
2021-01-13,-0.4738473193719983
2021-01-14,0.2352987950046857
2021-01-15,-0.1948457456060818
2021-01-19,0.0842377332349618
2021-01-20,0.2816029950976372
2021-01-21,0.2009432213380933
2021-01-25,-0.1907603949308395
2021-01-26,-0.1378294616937637
2021-01-27,0.0195156298577785
2021-01-28,-0.1918130754493177
2021-01-29,0.2385799778359277
2021-02-01,0.6163413096219301
2021-02-02,-0.1436741193756461
2021-02-03,-0.2806484817216794
2021-02-04,0.1628300528973341
2021-02-05,0.0251270371178785
2021-02-08,0.0087811164557933
2021-02-09,0.0489250598475337
2021-02-10,-0.4397861957550049
2021-02-11,0.1852401308715343
2021-02-12,0.2408430501818657
2021-02-16,0.1532994363456964
2021-02-17,0.1836581428845723
2021-02-18,-0.4257565349340438
2021-02-19,0.1096023470163345
2021-02-22,0.0697313919663429
2021-02-23,0.3783798608928919
2021-02-24,0.9008100628852844
2021-02-25,-0.1133246421813965
2021-02-26,0.4099067384377122
2021-03-01,0.0437579639256
2021-03-02,0.0633894130587578
2021-03-03,0.2961814694572239
2021-03-04,0.0932400539517402
2021-03-05,-0.2476551368832588
2021-03-08,-0.1220017485320568
2021-03-09,-0.2522805836051702
2021-03-10,-0.0293500591069459
2021-03-11,0.1584723231693109
2021-03-12,0.0144259830315907
2021-03-15,0.2549005374312401
2021-03-16,-0.3051557073162662
2021-03-17,0.1470062592998146
2021-03-18,-0.0175171140581369
2021-03-19,-0.2219235766679048
2021-03-22,-0.130916874234875
2021-03-23,-0.028338891454041
2021-03-24,-0.1658723082925592
2021-03-25,0.1317066820338367
2021-03-26,0.1242849337203162
2021-03-29,0.2466995686292648
2021-03-30,-0.0172488184438811
2021-03-31,0.0614911280572414
2021-04-01,0.2963472636682646
2021-04-05,-0.5101107979814211
2021-04-06,0.3859867816790938
2021-04-07,0.0821081437170505
2021-04-08,0.2337270528078079
2021-04-09,0.1898883566260338
2021-04-12,0.0729630510322749
2021-04-13,-0.0627551563084125
2021-04-14,0.2305192686617374
2021-04-15,-0.3724206238985061
2021-04-16,0.389494222899278
2021-04-19,-0.0761508015649659
2021-04-20,0.1084117032587528
2021-04-21,-0.243107430016001
2021-04-22,0.5131308883428574
2021-04-23,0.0317536126822233
2021-04-26,0.8887834548950195
2021-04-27,0.3504222386649677
2021-04-28,0.1303177390247583
2021-04-29,-0.6274044439196587
2021-04-30,0.0127850491553544
2021-05-03,0.2854257722695668
2021-05-04,-0.1919166832748386
2021-05-05,0.131944024314483
2021-05-06,-0.4551869444549083
2021-05-07,-0.2432134225964545
2021-05-10,-0.1745755098760128
2021-05-11,-0.4572934955358505
2021-05-12,-0.1154260274488478
2021-05-13,-0.0973427395025888
2021-05-14,0.3948578337828318
2021-05-17,-0.0897259704768657
2021-05-18,-0.1276921446745595
2021-05-19,-0.0223603695631027
2021-05-20,-0.3682933494448662
2021-05-21,-0.2958463355898857
2021-05-24,0.2031432171352207
2021-05-25,0.1201316118240356
2021-05-26,-0.0836142063140869
2021-05-27,0.3924498230218887
2021-05-28,-0.1457195232311884
2021-06-01,0.1586638735607266
2021-06-02,0.140015797317028
2021-06-03,0.0468516707420348
2021-06-04,0.0757159156103929
2021-06-07,-0.3714091312140226
2021-06-08,0.2307970132678747
2021-06-09,0.2960265576839446
2021-06-10,0.3654676924149195
2021-06-11,0.4747568368911743
2021-06-14,0.052765853703022
2021-06-15,-0.4675649059936403
2021-06-16,-0.1574098843460281
2021-06-17,-0.2427496568610271
2021-06-18,-0.05357276648283
2021-06-21,0.1391847093279163
2021-06-22,0.0528770461678504
2021-06-23,-0.055477924644947
2021-06-24,0.0032547737161318
2021-06-25,-0.0862366586923599
2021-06-28,0.1552060801535844
2021-06-29,0.4000952959060669
2021-06-30,0.2501117654144764
2021-07-01,0.0909824669361114
2021-07-02,0.3292226798832416
2021-07-06,0.8369068503379822
2021-07-07,-0.0743025852633374
2021-07-08,0.276040367782116
2021-07-09,-0.91565203666687
2021-07-12,0.3142406990130742
2021-07-13,-0.2354652530824144
2021-07-14,-0.1787893460132181
2021-07-15,-0.3751954510807991
2021-07-16,0.5911278165876865
2021-07-19,-0.1455246800822871
2021-07-20,0.2505004019476473
2021-07-21,0.2779758917167783
2021-07-22,-0.1373738786205649
2021-07-23,-0.0259293559938669
2021-07-26,0.1794414941221475
2021-07-27,0.3624365739524365
2021-07-28,-0.6928906738758087
2021-07-29,-0.2468853654960791
2021-07-30,-0.0736416317522525
2021-08-02,-0.089807029813528
2021-08-03,-0.2413812590142091
2021-08-04,-0.0907961763441562
2021-08-05,0.1684641009196639
2021-08-06,0.2465080231428146
2021-08-09,0.2581134438514709
2021-08-10,-0.3684430718421936
2021-08-11,0.223942656069994
2021-08-13,0.0448761396110057
2021-08-16,0.0835238865443638
2021-08-17,-0.111887244740501
2021-08-18,-0.0738182235509157
2021-08-19,-0.1337875972191492
2021-08-20,-0.4873053077608346
2021-08-23,-0.0211980342864989
2021-08-24,0.1762942783534527
2021-08-25,0.0462314382195472
2021-08-26,-0.0995950823028882
2021-08-27,0.0655833389610051
2021-08-30,-0.0117224085011651
2021-08-31,-0.2004963041593631
2021-09-01,-0.1233105090047631
2021-09-02,-0.4255229979753494
2021-09-03,0.1680203910917043
2021-09-07,-0.1621631756424904
2021-09-08,-0.042662926763296
2021-09-09,-0.2187427704532941
2021-09-10,-0.41974738240242
2021-09-13,0.7947094440460205
2021-09-14,0.1388780083507299
2021-09-15,-0.1450865725901994
2021-09-16,-0.6237949387480816
2021-09-17,-0.361940860748291
2021-09-20,-0.3941341659519821
2021-09-21,-0.7632873892784119
2021-09-22,-0.2247212417423725
2021-09-23,-0.3861399386078119
2021-09-24,-0.1841812003403902
2021-09-27,0.3406310234632757
2021-09-28,-0.330100953578949
2021-09-29,-0.1495790969994333
2021-09-30,-0.1088054971769451
2021-10-01,-0.0229861953606207
2021-10-04,-0.3266713574994356
2021-10-05,-0.2642526819060246
2021-10-06,-0.2609748475253582
2021-10-07,0.1032378762960433
2021-10-08,0.0158893624320626
2021-10-11,0.2277671836316585
2021-10-12,-0.1272940959781408
2021-10-13,0.0581416636705398
2021-10-14,-0.0157767760434321
2021-10-15,0.1182782432685295
2021-10-18,0.5857911542057991
2021-10-19,0.2602536439895629
2021-10-20,0.0932267537074429
2021-10-21,0.505071370197194
2021-10-22,-0.3095400417223573
2021-10-25,0.0005399646858374
2021-10-26,-0.2308343672193587
2021-10-27,-0.0017526346657957
2021-10-28,0.0568299889564514
2021-10-29,0.0069347549643781
2021-11-01,0.1662842314690351
2021-11-02,-0.1344533255323767
2021-11-03,0.295970075763762
2021-11-04,0.1439895518124103
2021-11-05,0.1353806652128696
2021-11-08,-0.0680995245929807
2021-11-09,0.0234982666249076
2021-11-10,-0.2450870792381465
2021-11-11,-0.2622638996690511
2021-11-12,-0.0003857754170894
2021-11-15,-0.2742693178355694
2021-11-16,-0.0013857269659638
2021-11-17,0.0004152214775483
2021-11-18,-0.0175355765968561
2021-11-19,-0.1433148328214883
2021-11-22,0.0512349375834068
2021-11-23,0.0611916679888963
2021-11-24,-0.0672332286834716
2021-11-26,-0.4887495730072259
2021-11-29,-0.2114513807464391
2021-11-30,-0.0004583725084861
2021-12-01,-0.0571085829287767
2021-12-02,-0.1934521688769261
2021-12-03,-0.0312096918267863
2021-12-06,0.1476078577339649
2021-12-07,0.2755937546491623
2021-12-08,-0.2147606581759949
2021-12-09,0.3090522889047861
2021-12-10,0.3545079723000526
2021-12-13,0.3526581381447613
2021-12-14,0.1900156810879706
2021-12-15,-0.4426318919286132
2021-12-16,-0.1704391962848604
2021-12-17,0.3674155895908673
2021-12-20,-0.0893196389079093
2021-12-21,0.1583549520000815
2021-12-22,0.0934259171287218
2021-12-23,0.0528014614246785
2021-12-27,-0.1999576818197965
2021-12-28,-0.2115875000599771
2021-12-29,-0.0756306303117204
2021-12-30,0.0875670195091515
2021-12-31,0.1487905564717948
2022-01-03,0.0252043126294245
2022-01-04,-0.0832950452963511
2022-01-05,0.299873102190239
2022-01-06,-0.0899432484060525
2022-01-07,-0.3374063847586512
2022-01-10,0.0305088282459311
2022-01-11,-0.0139914147023643
2022-01-12,0.0813260176884276
2022-01-13,0.0740650615965326
2022-01-14,0.0277394712902605
2022-01-18,-0.0683560834399291
2022-01-19,-0.2361753918230533
2022-01-20,-0.2867470197379589
2022-01-21,-0.2174636412125367
2022-01-24,-0.4012912384544809
2022-01-25,-0.2102435980923473
2022-01-26,-0.2307377169755372
2022-01-27,-0.273305406793952
2022-01-28,-0.1440443444464887
2022-01-31,-0.3583793882280588
2022-02-01,-0.0663188960403203
2022-02-02,-0.1365173172671347
2022-02-03,0.1027542112395167
2022-02-04,0.0790459117852151
2022-02-07,0.0534596854510406
2022-02-08,0.0447987453504042
2022-02-09,0.0583120977506041
2022-02-10,-0.0869021165583815
2022-02-11,0.0025470092892646
2022-02-14,-0.0843206867575645
2022-02-15,-0.2676910321627344
2022-02-16,-0.4287430892388026
2022-02-17,0.0598458002010981
2022-02-18,-0.1940972050651908
2022-02-22,-0.4335538980861504
2022-02-23,-0.2466785587808665
2022-02-24,0.0018579136007107
2022-02-25,0.0404263880724708
2022-02-28,-0.0244533022244771
2022-03-01,0.1937167281284928
2022-03-02,0.0888654233089515
2022-03-03,-0.0418550796806812
2022-03-04,-0.4422414133118258
2022-03-07,-0.3142660674639046
2022-03-08,-0.2028146050870418
2022-03-09,-0.5006454853074891
2022-03-10,0.0564188815653324
2022-03-11,-0.0323600961516301
2022-03-14,-0.5390104254086813
2022-03-15,0.1144818160682916
2022-03-16,0.1248953430913388
2022-03-17,0.1916026013592879
2022-03-18,-0.098004818893969
2022-03-21,0.2062243778258562
2022-03-22,0.0110480957664548
2022-03-23,-0.1430576563709312
2022-03-24,-0.1052339861635118
2022-03-25,-0.0719240441918372
2022-03-28,-0.0497837657108902
2022-03-29,-0.1237217392772436
2022-03-30,-0.4129333893458048
2022-03-31,0.280693667275565
2022-04-01,0.2906769048422574
2022-04-04,0.2137990170581774
2022-04-05,-0.0013424201558033
2022-04-06,-0.5931026227772236
2022-04-07,0.1100768755589212
2022-04-08,0.1612453147148092
2022-04-11,0.1680461888511975
2022-04-12,0.1805118180811405
2022-04-13,0.0114048479124903
2022-04-14,0.0485731454566121
2022-04-18,-0.111283112849508
2022-04-19,-0.1452319145734821
2022-04-20,-0.4901606545317918
2022-04-21,-0.1791217317804694
2022-04-22,-0.2480261991066592
2022-04-25,0.420522216707468
2022-04-26,-0.2208929518237709
2022-04-27,-0.0792662365362048
2022-04-28,-0.2182149291038513
2022-04-29,-0.5112898736260831
2022-05-02,-0.3103698365804221
2022-05-03,-0.0633243347207705
2022-05-04,-0.2640497286338359
2022-05-05,-0.2138314857505835
2022-05-06,-0.197270022239536
2022-05-09,-0.43429962069624
2022-05-10,-0.263882786151953
2022-05-11,-0.3613875640884919
2022-05-12,-0.3770572265440767
2022-05-13,-0.3463199098284045
2022-05-16,-0.3587483663398486
2022-05-17,-0.1557913764069478
2022-05-18,-0.4394131874665617
2022-05-19,-0.6089036205783487
2022-05-20,-0.3322672094953687
2022-05-23,-0.1268511027670823
2022-05-24,0.1493052811576769
2022-05-25,0.2321412101387977
2022-05-26,-0.0935439674390687
2022-05-27,-0.1443969517946243
2022-05-31,-0.1945774289114134
2022-06-01,0.0815249878380979
2022-06-02,-0.1362491870919863
2022-06-03,0.0419036094099282
2022-06-06,-0.0458086345876966
2022-06-07,-0.5197553304689271
2022-06-08,-0.0671214859467
2022-06-09,-0.0199784561991691
2022-06-10,-0.1583969036324156
2022-06-13,-0.4197510006454061
2022-06-14,-0.3261259921959468
2022-06-15,-0.1621482123155146
2022-06-16,-0.3010130245238542
2022-06-17,-0.1161449568515474
2022-06-21,-0.0212173610925674
2022-06-22,-0.2574550850937764
2022-06-23,-0.1734723991581372
2022-06-24,0.0483752996302567
2022-06-27,-0.1537275101989507
2022-06-28,-0.1970958857295605
2022-06-29,-0.3558492694670955
2022-06-30,-0.4770586260904868
2022-07-01,-0.3443345188473661
2022-07-05,0.1831589591774073
2022-07-06,0.0625770619759956
2022-07-07,0.595062367618084
2022-07-08,-0.1548098497092724
2022-07-11,-0.0636003081287656
2022-07-12,-0.2385655641555785
2022-07-13,0.2843053801251309
2022-07-14,-0.2389349943647782
2022-07-15,-0.6303239643573761
2022-07-18,-0.1056196484714746
2022-07-19,-0.1958355363458395
2022-07-20,0.1406429782509803
2022-07-21,0.0668163816961977
2022-07-22,0.1155583326305662
2022-07-25,0.2555022186466625
2022-07-26,0.0342326592653989
2022-07-27,0.1594213671982288
2022-07-28,0.308084677439183
2022-07-29,-0.082748906686902
2022-08-01,-0.132492135702209
2022-08-02,-0.1266300181547801
2022-08-03,-0.1750322406490644
2022-08-04,-0.2294191053758065
2022-08-05,0.0200420096516609
2022-08-08,-0.1323836483061313
2022-08-09,0.0244958000257611
2022-08-10,-0.102034143358469
2022-08-11,-0.3376884867126743
2022-08-12,0.2416389498859644
2022-08-15,0.2336900540524059
2022-08-16,-0.0173126989975571
2022-08-17,-0.2140315404782692
2022-08-18,-0.2705330792814492
2022-08-19,-0.4147390003005664
2022-08-22,-0.2178488622885197
2022-08-23,-0.3811622460683186
2022-08-24,0.0754887014627456
2022-08-25,0.2288561823467413
2022-08-26,-0.4307351941242814
2022-08-29,-0.2669503563083708
2022-08-30,0.0458925873972475
2022-08-31,-0.24803646640586
2022-09-01,-0.2582415787037462
2022-09-02,-0.1078319433145225
2022-09-06,-0.1918757085222751
2022-09-07,0.013019881521662
2022-09-08,0.0154954567551612
2022-09-09,0.3944101869128644
2022-09-12,-0.125267159532417
2022-09-13,-0.6206430484141622
2022-09-14,-0.3090236188674515
2022-09-15,-0.3162858782336116
2022-09-16,-0.2934780124236237
2022-09-19,0.0636669466271996
2022-09-20,-0.2329053724450724
2022-09-21,0.0069858025759458
2022-09-22,-0.0302946051316601
2022-09-23,-0.4986538207158446
2022-09-26,-0.0085375813597982
2022-09-27,-0.5001913088240794
2022-09-28,-0.1973801856594426
2022-09-29,-0.4016420346995195
2022-09-30,-0.2482569191604852
2022-10-03,0.0305154021563274
2022-10-04,-0.1395321317017078
2022-10-05,0.1524405483570363
2022-10-06,0.2376300804316997
2022-10-07,-0.1000626451439327
2022-10-10,-0.0567763321101665
2022-10-11,-0.4060653994480768
2022-10-12,-0.155831735008038
2022-10-13,0.0297821252606809
2022-10-14,0.0260115629778458
2022-10-17,-0.0528799689064423
2022-10-18,0.0543360946699976
2022-10-19,-0.0719215489613513
2022-10-20,0.1114349953830242
2022-10-21,-0.0539733748883008
2022-10-24,-0.2780610535826002
2022-10-25,0.3304412795437706
2022-10-26,-0.3955848847205441
2022-10-27,-0.1881505894873823
2022-10-28,0.083502884954214
2022-10-31,0.0134047447807258
2022-11-01,0.2580894995480776
2022-11-02,0.0438929051160812
2022-11-03,-0.4202069913347561
2022-11-04,0.0973415405799945
2022-11-07,-0.3034935612231493
2022-11-08,-0.0125128661748021
2022-11-09,-0.0864754812791943
2022-11-10,0.0332761164754629
2022-11-11,0.1260100429256757
2022-11-14,-0.099488531704992
2022-11-15,0.1959847684949636
2022-11-16,0.056882354031716
2022-11-17,-0.0729834344238043
2022-11-18,0.1006368212401866
2022-11-21,-0.1936166090890765
2022-11-22,0.1896082508293065
2022-11-23,-0.051196520216763
2022-11-25,-0.0122613072395324
2022-11-28,0.1004058884626085
2022-11-29,-0.2379049795812794
2022-11-30,-0.2381846106478146
2022-12-01,-0.0623547054827213
2022-12-02,-0.5958628257115682
2022-12-05,-0.1526220664381981
2022-12-06,-0.4334692007137669
2022-12-07,-0.4036887756415775
2022-12-08,-0.2060042108808245
2022-12-09,0.0827124573290348
2022-12-12,0.1427716038261468
2022-12-13,-0.0993601631765302
2022-12-14,0.0305054353343116
2022-12-15,-0.2880682232366367
2022-12-16,-0.581650196471148
2022-12-19,-0.3360108291464193
2022-12-20,0.1407038701528852
2022-12-21,-0.0435737322338602
2022-12-22,-0.179102898389101
2022-12-23,-0.5492769305904707
2022-12-27,-0.3005526884148518
2022-12-28,-0.1243113517103826
2022-12-29,0.1320925784918169
2022-12-30,-0.4960354204828802
2023-01-03,-0.0440077462086552
2023-01-04,-0.1639953936683014
2023-01-05,0.1186449040066112
2023-01-06,0.112094302514666
2023-01-09,-0.4795385582372546
2023-01-10,0.091573163246115
2023-01-11,-0.0159509794955903
2023-01-12,-0.108030327130109
2023-01-13,0.0638031009584665
2023-01-17,-0.0776719147960345
2023-01-18,-0.6335382567097744
2023-01-19,-0.3322269879281521
2023-01-20,0.0227996424700205
2023-01-23,-0.0180222638660953
2023-01-24,-0.1917035158723593
2023-01-25,-0.2767756400008996
2023-01-26,0.3217944039497524
2023-01-27,0.1752274227328598
2023-01-30,-0.1644374731068427
2023-01-31,0.0036400025710463
2023-02-01,0.1654886129711355
2023-02-02,0.2363098776515792
2023-02-03,-0.1350319419056177
2023-02-06,-0.1497354878014639
2023-02-07,-0.0690049688021341
2023-02-08,-0.1661650223125304
2023-02-09,-0.1645695224690895
2023-02-10,-0.504681513777801
2023-02-13,0.0393071677535772
2023-02-14,-0.1788744482804428
2023-02-15,0.2235524007429679
2023-02-16,0.0320089359513738
2023-02-17,-0.3485699743032455
2023-02-21,-0.5307614982873201
2023-02-22,-0.056806187517941
2023-02-23,-0.0089497425808356
2023-02-24,-0.3244265451095998
2023-02-27,0.1118954392150044
2023-02-28,-0.1699795821415526
2023-03-01,-0.3498904915260417
2023-03-02,0.140599077238756
2023-03-03,-0.1442030309182074
2023-03-06,0.0363850779831409
2023-03-07,-0.2276525506749749
2023-03-08,-0.1363469568480338
2023-03-09,-0.1296294269710779
2023-03-10,-0.5743859107880032
2023-03-13,-0.3176783727748053
2023-03-14,-0.1361668944797095
2023-03-15,-0.3545462787151336
2023-03-16,-0.0824000992413078
2023-03-17,-0.1479670042576997
2023-03-20,-0.0276709574421769
2023-03-21,0.2008518149455388
2023-03-22,-0.2096161796184985
2023-03-23,-0.0704805350396782
2023-03-24,0.2817790667311503
2023-03-27,0.2155327458555499
2023-03-28,-0.2303402500057762
2023-03-29,0.1168231749359299
2023-03-30,0.103585671633482
2023-03-31,-0.1950707487905254
2023-04-03,-0.1221138588818056
2023-04-04,-0.2353994200087112
2023-04-05,-0.2417351078242063
2023-04-06,-0.1641629842158995
2023-04-10,-0.2995900648646056
2023-04-11,-0.1053717115273078
2023-04-12,-0.0604460471394387
2023-04-13,-0.1277221288970288
2023-04-14,-0.1954782977700233
2023-04-17,0.0569997420534491
2023-04-18,-0.0177104939585146
2023-04-19,-0.062606110309179
2023-04-20,-0.3173325516283513
2023-05-01,0.0714245533481949
2023-05-02,-0.1983684340957552
2023-05-03,-0.3245016044238582
2023-05-04,-0.2890501406330328
2023-05-05,-0.1459328858181834
2023-05-08,0.0423310223574701
2023-05-09,-0.2459608725168638
2023-05-10,0.0114355974365025
2023-05-11,-0.2235215687192976
2023-05-12,-0.2227208289162566
2023-05-15,-0.0016055667684191
2023-05-16,0.0852328636018293
2023-05-17,0.1117966080966748
2023-05-18,0.1487805239686911
2023-05-19,-0.0216328469528393
2023-05-22,-0.0559400642711308
2023-05-23,-0.3484463053755462
2023-05-24,-0.1679000163243876
2023-05-25,-0.0505943547468632
2023-05-26,-0.0637283118112998
2023-05-30,0.1364820355979296
2023-05-31,-0.3152893121139361
2023-06-01,-0.1657286859852703
2023-06-02,0.0586287301999551
2023-06-05,-0.2763118727230712
2023-06-06,0.0224270922216502
2023-06-07,-0.382976137388211
2023-06-08,0.0999109840486198
2023-06-09,0.0584708142559975
2023-06-12,0.0629544065926562
2023-06-13,0.1346419041510671
2023-06-14,-0.311979943588376
2023-06-15,0.1531900651752948
2023-06-16,-0.0019494899932076
2023-06-20,-0.2844431106658542
2023-06-21,-0.0666843223571777
2023-06-22,-0.0026983299220983
2023-06-23,-0.2118477690155091
2023-06-26,-0.2906209453940391
2023-06-27,0.1516088149784242
2023-06-28,-0.0935188878158276
2023-06-29,0.1011530347168445
2023-06-30,0.3804586794227361
2023-07-03,0.1458405241031538
2023-07-05,-0.1319205789611889
2023-07-06,-0.1427378066970656
2023-07-07,-0.169537136817108
2023-07-10,0.0578042532810393
2023-07-11,-0.0203869074583053
2023-07-12,0.2180814552120864
2023-07-13,0.4573939759284258
2023-07-14,-0.1691678030924363
2023-07-17,0.217531147812094
2023-07-18,0.2130750008774074
2023-07-19,-0.1199012178306778
2023-07-20,-0.1535174003629772
2023-07-21,-0.2256004152819514
2023-07-24,-0.0231622175348025
2023-07-25,-0.0512510375941501
2023-07-26,-0.0640236960635299
2023-07-27,-0.1192075943367348
2023-07-28,0.0633060218427668
2023-07-31,0.2945179471648053
2023-08-01,-0.0456445469306065
2023-08-02,-0.4878865446556698
2023-08-03,-0.4938637956511228
2023-08-04,-0.4334648655727505
2023-08-07,-0.07485962793231
2023-08-08,-0.2462030619382858
2023-08-09,-0.3091354199267667
2023-08-10,-0.0753671810962259
2023-08-11,-0.341994846239686
2023-08-14,0.2932282243337896
2023-08-15,-0.2936117685350932
2023-08-16,-0.2250774827386651
2023-08-17,-0.2346707430801221
2023-08-18,-0.2654367110226303
2023-08-21,-0.0714458630952452
2023-08-22,-0.2687882158767294
2023-08-23,0.0324393630419906
2023-08-24,-0.273687832057476
2023-08-25,0.0425980927591973
2023-08-28,0.1505936802852721
2023-08-29,0.0272749152034521
2023-08-30,-0.036482288967818
2023-08-31,0.1117058760103057
2023-09-01,-0.1894378956407308
2023-09-05,-0.2182564834753672
2023-09-06,-0.1589522461366394
2023-09-07,-0.4206801566295325
2023-09-08,-0.4027639059793381
2023-09-11,-0.0422414224594831
2023-09-12,-0.20346591170087
2023-09-13,0.0029164161533117
2023-09-14,0.0076282187882397
2023-09-15,-0.0672712605446577
2023-09-18,-0.2845315295936806
2023-09-19,-0.332048096259435
2023-09-20,0.0721350288284676
2023-09-21,-0.6408922508932077
2023-09-22,-0.2937894492026638
2023-09-25,0.0033920933802922
2023-09-26,-0.6333379335701466
2023-09-27,-0.1728267251913036
2023-09-28,-0.2581889100659352
2023-09-29,-0.1763731604141573
2023-10-02,0.0489839718987544
2023-10-03,-0.357373409422821
2023-10-04,-0.0845279741204447
2023-10-05,-0.4091856355468432
2023-10-06,-0.0846828529167743
2023-10-09,-0.1847609032300256
2023-10-10,-0.099044466111809
2023-10-11,-0.0480779054729888
2023-10-12,-0.2156718460222085
2023-10-13,-0.0376102709296075
2023-10-16,0.0809168036688457
2023-10-17,-0.2728692231965916
2023-10-18,-0.2383191547478022
2023-10-19,-0.1385114336305338
2023-10-20,-0.7183739111891815
2023-10-23,-0.3541804944268531
2023-10-24,-0.2295499069150537
2023-10-25,-0.3055262805095741
2023-10-26,-0.5889395427350935
2023-10-27,-0.5312994337152868
2023-10-30,-0.0692833025994546
2023-10-31,-0.2473969051614403
2023-11-01,-0.1819775555105436
2023-11-02,-0.0374514015720171
2023-11-03,0.0598673697274464
2023-11-06,-0.0534764011204242
2023-11-07,0.0836137114092707
2023-11-08,0.0725381674710661
2023-11-09,-0.1688002293047152
2023-11-10,0.1757579485575358
2023-11-13,-0.1161437486500843
2023-11-14,0.039902011908236
2023-11-15,0.2259656097739935
2023-11-16,-0.028823890772305
2023-11-17,-0.040451112779833
2023-11-20,0.1453501971868368
2023-11-21,-0.0838256504524637
2023-11-22,0.2111863436569508
2023-11-24,-0.2329547074623406
2023-11-27,0.0286682105877182
2023-11-28,-0.2903139279889209
2023-11-29,-0.211797376225392
2023-11-30,0.0968290382375319
2023-12-01,0.0404775344766676
2023-12-04,-0.0804676691070199
2023-12-05,-0.3160092848594542
2023-12-06,-0.0597211861362059
2023-12-07,-0.0184637641906738
2023-12-08,0.1696508724242448
2023-12-11,0.2101241675420449
2023-12-12,0.2721539781812359
2023-12-13,0.2120213566914848
2023-12-14,0.1135275248024198
2023-12-15,0.0568837933242321
2023-12-18,0.2106141239582073
2023-12-19,0.156206255662255
2023-12-20,-0.5716386323329061
2023-12-21,-0.093024875735864
2023-12-22,-0.1286628327798098
2023-12-26,0.2455181692327772
2023-12-27,0.2569350768812001
2023-12-28,0.2913609697398814
2023-12-29,-0.1334444734454155
2024-01-02,-0.056637060130015
2024-01-03,-0.2556414828800103
2024-01-04,0.0394221829871336
2024-01-05,-0.2769188752604855
2024-01-08,0.2557271258639438
2024-01-09,-0.1166120616621092
2024-01-10,-0.0149576045248819
2024-01-11,-0.1694109077565371
2024-01-12,-0.3390458454377949
2024-01-16,-0.0217863128830989
2024-01-17,-0.1169161818921566
2024-01-18,-0.11838108766824
2024-01-19,0.26387057294293
2024-01-22,0.3322582004531737
2024-01-23,0.035793817856095
2024-01-24,0.1453568673382202
2024-01-25,0.0968525947204658
2024-01-26,-0.2301557318252675
2024-01-29,-0.202596683262123
2024-01-30,-0.1116937765230735
2024-01-31,-0.242749265809026
2024-02-01,0.1962319649755954
2024-02-02,0.1848291227450737
2024-02-05,0.0808094978332518
2024-02-06,-0.023453745059669
2024-02-07,-0.0039413529965612
2024-02-08,-0.0752280738066744
2024-02-09,0.2507876142421189
2024-02-12,0.0521521295110384
2024-02-13,-0.2595950176318486
2024-02-14,0.135411376832053
2024-02-15,-0.059326975938997
2024-02-16,-0.1135677730600381
2024-02-20,0.0625739692896604
2024-02-21,0.0543701608072627
2024-02-22,0.4100196671027403
2024-02-23,0.4494663679405399
2024-02-26,0.0632257996236576
2024-02-27,-0.0591278728097677
2024-02-28,-0.0951965660052864
2024-02-29,0.0628072842955589
2024-03-01,0.3195583513006568
2024-03-04,-0.1573276998655449
